id,name,cost,class_id,origin_id,created_at,game_print_image_path,updated_at,edition_id,art_raw_image_path,icon_slots
5dc44c85-8224-4c49-89ff-90a37aa10040,Meteor Shower,9,173589ed-9bec-4965-94e6-dadbc6b5310a,9d4457d3-2a6c-4430-8c1b-1bf1bc20889a,2025-07-18T23:20:41.116736+00:00,https://gvxfokbptelmvvlxbigh.supabase.co/storage/v1/render/image/public/game_assets/hex_spirits/5dc44c85-8224-4c49-89ff-90a37aa10040/game_print/hex_meteor_shower_game_print.png?width=768&height=660&quality=80,2025-11-18T07:10:40.223+00:00,c93fce08-876f-4502-93f1-e1907b03e984,hex_spirits/5dc44c85-8224-4c49-89ff-90a37aa10040/art_raw/hex_meteor_shower_art_raw.png,"[{""type"":""origin"",""ref_id"":""9d4457d3-2a6c-4430-8c1b-1bf1bc20889a""},{""type"":""class"",""ref_id"":""173589ed-9bec-4965-94e6-dadbc6b5310a""},{""type"":""class"",""ref_id"":""173589ed-9bec-4965-94e6-dadbc6b5310a""},{""type"":""class"",""ref_id"":""173589ed-9bec-4965-94e6-dadbc6b5310a""}]"
5e068dff-1341-48f7-b025-849f336f724c,Egg Keeper,5,46cf02f0-a3cd-4211-bde4-cc3c5417bd6f,82816408-d2e1-4e2c-9954-d9aea0bad324,2025-11-16T20:36:35.512411+00:00,https://gvxfokbptelmvvlxbigh.supabase.co/storage/v1/render/image/public/game_assets/hex_spirits/5e068dff-1341-48f7-b025-849f336f724c/game_print/hex_egg_keeper_game_print.png?width=768&height=660&quality=80,2025-11-18T07:08:51.413+00:00,c93fce08-876f-4502-93f1-e1907b03e984,hex_spirits/5e068dff-1341-48f7-b025-849f336f724c/art_raw/hex_egg_keeper_art_raw.png,"[{""type"":""origin"",""ref_id"":""82816408-d2e1-4e2c-9954-d9aea0bad324""},{""type"":""class"",""ref_id"":""46cf02f0-a3cd-4211-bde4-cc3c5417bd6f""}]"
ed612933-fd19-4b68-993e-6e61b52eb4ce,Comet Caller,9,5d1c9e89-e431-41dc-ae67-77dd8ee78170,9d4457d3-2a6c-4430-8c1b-1bf1bc20889a,2025-09-14T04:58:10.553489+00:00,https://gvxfokbptelmvvlxbigh.supabase.co/storage/v1/render/image/public/game_assets/hex_spirits/ed612933-fd19-4b68-993e-6e61b52eb4ce/game_print/hex_comet_caller_game_print.png?width=768&height=660&quality=80,2025-11-18T07:10:59.304+00:00,c93fce08-876f-4502-93f1-e1907b03e984,hex_spirits/ed612933-fd19-4b68-993e-6e61b52eb4ce/art_raw/hex_comet_caller_art_raw.png,"[{""type"":""origin"",""ref_id"":""9d4457d3-2a6c-4430-8c1b-1bf1bc20889a""},{""type"":""class"",""ref_id"":""5d1c9e89-e431-41dc-ae67-77dd8ee78170""},{""type"":""class"",""ref_id"":""5d1c9e89-e431-41dc-ae67-77dd8ee78170""},{""type"":""class"",""ref_id"":""5d1c9e89-e431-41dc-ae67-77dd8ee78170""}]"
5c864c2d-20bd-4134-a829-09a2cc793e41,Sparkweave,9,173589ed-9bec-4965-94e6-dadbc6b5310a,b4a04571-548d-4572-a6a8-0b85c39316d3,2025-07-18T23:20:41.116736+00:00,https://gvxfokbptelmvvlxbigh.supabase.co/storage/v1/render/image/public/game_assets/hex_spirits/5c864c2d-20bd-4134-a829-09a2cc793e41/game_print/hex_sparkweave_game_print.png?width=768&height=660&quality=80,2025-11-18T07:10:37.056+00:00,c93fce08-876f-4502-93f1-e1907b03e984,hex_spirits/5c864c2d-20bd-4134-a829-09a2cc793e41/art_raw/hex_sparkweave_art_raw.png,"[{""type"":""origin"",""ref_id"":""b4a04571-548d-4572-a6a8-0b85c39316d3""},{""type"":""class"",""ref_id"":""173589ed-9bec-4965-94e6-dadbc6b5310a""},{""type"":""class"",""ref_id"":""173589ed-9bec-4965-94e6-dadbc6b5310a""},{""type"":""class"",""ref_id"":""173589ed-9bec-4965-94e6-dadbc6b5310a""}]"
e06a951e-efb7-4975-9ccd-aa95e8f9bef5,Yeti Rogue,5,dd17c072-159c-4b43-831f-1f51bb8b7720,82816408-d2e1-4e2c-9954-d9aea0bad324,2025-11-16T20:36:35.512411+00:00,https://gvxfokbptelmvvlxbigh.supabase.co/storage/v1/render/image/public/game_assets/hex_spirits/e06a951e-efb7-4975-9ccd-aa95e8f9bef5/game_print/hex_yeti_rogue_game_print.png?width=768&height=660&quality=80,2025-11-18T07:09:22.682+00:00,c93fce08-876f-4502-93f1-e1907b03e984,hex_spirits/e06a951e-efb7-4975-9ccd-aa95e8f9bef5/art_raw/hex_yeti_rogue_art_raw.png,"[{""type"":""origin"",""ref_id"":""82816408-d2e1-4e2c-9954-d9aea0bad324""},{""type"":""class"",""ref_id"":""dd17c072-159c-4b43-831f-1f51bb8b7720""}]"
cafb6cfb-11f8-476c-a275-a5b8179630d2,Ocean Divider,9,aa90084b-a07a-4b00-9448-9f5dae83bd03,294cee31-a7ac-4292-9b61-d4293c05c146,2025-11-10T04:00:39.705799+00:00,https://gvxfokbptelmvvlxbigh.supabase.co/storage/v1/render/image/public/game_assets/hex_spirits/cafb6cfb-11f8-476c-a275-a5b8179630d2/game_print/hex_ocean_divider_game_print.png?width=768&height=660&quality=80,2025-11-18T07:10:53.641+00:00,c93fce08-876f-4502-93f1-e1907b03e984,hex_spirits/cafb6cfb-11f8-476c-a275-a5b8179630d2/art_raw/hex_ocean_divider_art_raw.png,"[{""type"":""origin"",""ref_id"":""294cee31-a7ac-4292-9b61-d4293c05c146""},{""type"":""class"",""ref_id"":""aa90084b-a07a-4b00-9448-9f5dae83bd03""},{""type"":""class"",""ref_id"":""aa90084b-a07a-4b00-9448-9f5dae83bd03""},{""type"":""class"",""ref_id"":""aa90084b-a07a-4b00-9448-9f5dae83bd03""}]"
5f719599-3914-440e-b518-2426ab1e83c5,Internet Idol,9,91322cba-4201-48a3-86b1-2d6d034fce3f,fa7db249-d99d-4c1d-a37d-9027c9f5a31e,2025-07-18T23:20:59.640815+00:00,https://gvxfokbptelmvvlxbigh.supabase.co/storage/v1/render/image/public/game_assets/hex_spirits/5f719599-3914-440e-b518-2426ab1e83c5/game_print/hex_internet_idol_game_print.png?width=768&height=660&quality=80,2025-11-18T07:10:42.878+00:00,c93fce08-876f-4502-93f1-e1907b03e984,hex_spirits/5f719599-3914-440e-b518-2426ab1e83c5/art_raw/hex_internet_idol_art_raw.png,"[{""type"":""origin"",""ref_id"":""fa7db249-d99d-4c1d-a37d-9027c9f5a31e""},{""type"":""class"",""ref_id"":""91322cba-4201-48a3-86b1-2d6d034fce3f""},{""type"":""class"",""ref_id"":""91322cba-4201-48a3-86b1-2d6d034fce3f""},{""type"":""class"",""ref_id"":""91322cba-4201-48a3-86b1-2d6d034fce3f""}]"
32ce96bc-be67-4781-99bd-3670aff77ed0,Cupid,9,5d1c9e89-e431-41dc-ae67-77dd8ee78170,b4a04571-548d-4572-a6a8-0b85c39316d3,2025-08-17T00:41:58.82245+00:00,https://gvxfokbptelmvvlxbigh.supabase.co/storage/v1/render/image/public/game_assets/hex_spirits/32ce96bc-be67-4781-99bd-3670aff77ed0/game_print/hex_cupid_game_print.png?width=768&height=660&quality=80,2025-11-18T07:10:45.532+00:00,c93fce08-876f-4502-93f1-e1907b03e984,hex_spirits/32ce96bc-be67-4781-99bd-3670aff77ed0/art_raw/hex_cupid_art_raw.png,"[{""type"":""origin"",""ref_id"":""b4a04571-548d-4572-a6a8-0b85c39316d3""},{""type"":""class"",""ref_id"":""5d1c9e89-e431-41dc-ae67-77dd8ee78170""},{""type"":""class"",""ref_id"":""5d1c9e89-e431-41dc-ae67-77dd8ee78170""},{""type"":""class"",""ref_id"":""5d1c9e89-e431-41dc-ae67-77dd8ee78170""}]"
36bb656c-49fe-4d50-a037-b29dbd1bfa91,Glimmercut,9,dd17c072-159c-4b43-831f-1f51bb8b7720,b4a04571-548d-4572-a6a8-0b85c39316d3,2025-07-18T23:20:22.554712+00:00,https://gvxfokbptelmvvlxbigh.supabase.co/storage/v1/render/image/public/game_assets/hex_spirits/36bb656c-49fe-4d50-a037-b29dbd1bfa91/game_print/hex_glimmercut_game_print.png?width=768&height=660&quality=80,2025-11-18T07:10:48.12+00:00,c93fce08-876f-4502-93f1-e1907b03e984,hex_spirits/36bb656c-49fe-4d50-a037-b29dbd1bfa91/art_raw/hex_glimmercut_art_raw.png,"[{""type"":""origin"",""ref_id"":""b4a04571-548d-4572-a6a8-0b85c39316d3""},{""type"":""class"",""ref_id"":""dd17c072-159c-4b43-831f-1f51bb8b7720""},{""type"":""class"",""ref_id"":""dd17c072-159c-4b43-831f-1f51bb8b7720""},{""type"":""class"",""ref_id"":""dd17c072-159c-4b43-831f-1f51bb8b7720""}]"
a77653c5-69fa-4351-833d-59d302722365,Golden Ruler,9,91322cba-4201-48a3-86b1-2d6d034fce3f,59d3e23e-c7fd-48f9-911d-b8a306029404,2025-08-17T00:20:28.501049+00:00,https://gvxfokbptelmvvlxbigh.supabase.co/storage/v1/render/image/public/game_assets/hex_spirits/a77653c5-69fa-4351-833d-59d302722365/game_print/hex_golden_ruler_game_print.png?width=768&height=660&quality=80,2025-11-18T07:10:51.103+00:00,c93fce08-876f-4502-93f1-e1907b03e984,hex_spirits/a77653c5-69fa-4351-833d-59d302722365/art_raw/hex_golden_ruler_art_raw.png,"[{""type"":""origin"",""ref_id"":""59d3e23e-c7fd-48f9-911d-b8a306029404""},{""type"":""class"",""ref_id"":""17e08cde-f3d2-480b-8386-1e3047e2f85a""},{""type"":""class"",""ref_id"":""17e08cde-f3d2-480b-8386-1e3047e2f85a""},{""type"":""class"",""ref_id"":""17e08cde-f3d2-480b-8386-1e3047e2f85a""}]"
e368f98d-fa19-47b0-bb54-1dd26d902b23,Dandelion,9,91322cba-4201-48a3-86b1-2d6d034fce3f,ad555f03-9b89-4a71-a47c-464fd67d2c05,2025-07-18T23:20:05.987164+00:00,https://gvxfokbptelmvvlxbigh.supabase.co/storage/v1/render/image/public/game_assets/hex_spirits/e368f98d-fa19-47b0-bb54-1dd26d902b23/game_print/hex_dandelion_game_print.png?width=768&height=660&quality=80,2025-11-18T07:10:55.901+00:00,c93fce08-876f-4502-93f1-e1907b03e984,hex_spirits/e368f98d-fa19-47b0-bb54-1dd26d902b23/art_raw/hex_dandelion_art_raw.png,"[{""type"":""origin"",""ref_id"":""ad555f03-9b89-4a71-a47c-464fd67d2c05""},{""type"":""class"",""ref_id"":""aa90084b-a07a-4b00-9448-9f5dae83bd03""},{""type"":""class"",""ref_id"":""aa90084b-a07a-4b00-9448-9f5dae83bd03""},{""type"":""class"",""ref_id"":""aa90084b-a07a-4b00-9448-9f5dae83bd03""}]"
1cc69b8f-139f-40b2-8ded-7b8d79fa9f4a,Stoneshadow,9,46cf02f0-a3cd-4211-bde4-cc3c5417bd6f,178449e9-cc6b-45ab-8522-5183fe1d9307,2025-07-18T23:20:05.987164+00:00,,2025-11-18T07:14:13.334+00:00,c93fce08-876f-4502-93f1-e1907b03e984,,"[{""type"":""origin"",""ref_id"":""178449e9-cc6b-45ab-8522-5183fe1d9307""},{""type"":""class"",""ref_id"":""46cf02f0-a3cd-4211-bde4-cc3c5417bd6f""},{""type"":""class"",""ref_id"":""46cf02f0-a3cd-4211-bde4-cc3c5417bd6f""},{""type"":""class"",""ref_id"":""46cf02f0-a3cd-4211-bde4-cc3c5417bd6f""}]"
0f2d7926-6f51-4a24-993d-67277778f57c,Special Agent,7,91322cba-4201-48a3-86b1-2d6d034fce3f,48e4acb4-ee9e-42ea-ba82-70165770c368,2025-07-18T23:20:59.640815+00:00,https://gvxfokbptelmvvlxbigh.supabase.co/storage/v1/render/image/public/game_assets/hex_spirits/0f2d7926-6f51-4a24-993d-67277778f57c/game_print/hex_special_agent_game_print.png?width=768&height=660&quality=80,2025-11-18T07:09:58.356+00:00,c93fce08-876f-4502-93f1-e1907b03e984,hex_spirits/0f2d7926-6f51-4a24-993d-67277778f57c/art_raw/hex_special_agent_art_raw.png,"[{""type"":""origin"",""ref_id"":""48e4acb4-ee9e-42ea-ba82-70165770c368""},{""type"":""class"",""ref_id"":""91322cba-4201-48a3-86b1-2d6d034fce3f""},{""type"":""class"",""ref_id"":""91322cba-4201-48a3-86b1-2d6d034fce3f""}]"
ae827012-29ff-406e-bcbe-afe3a5258607,Pixia,7,46cf02f0-a3cd-4211-bde4-cc3c5417bd6f,b4a04571-548d-4572-a6a8-0b85c39316d3,2025-08-17T00:33:13.174465+00:00,https://gvxfokbptelmvvlxbigh.supabase.co/storage/v1/render/image/public/game_assets/hex_spirits/ae827012-29ff-406e-bcbe-afe3a5258607/game_print/hex_pixia_game_print.png?width=768&height=660&quality=80,2025-11-18T07:10:11.945+00:00,c93fce08-876f-4502-93f1-e1907b03e984,hex_spirits/ae827012-29ff-406e-bcbe-afe3a5258607/art_raw/hex_pixia_art_raw.png,"[{""type"":""origin"",""ref_id"":""b4a04571-548d-4572-a6a8-0b85c39316d3""},{""type"":""class"",""ref_id"":""46cf02f0-a3cd-4211-bde4-cc3c5417bd6f""},{""type"":""class"",""ref_id"":""46cf02f0-a3cd-4211-bde4-cc3c5417bd6f""}]"
afcb8700-c12e-45b5-b844-bf4339354e76,Flowercracker,5,5d1c9e89-e431-41dc-ae67-77dd8ee78170,ad555f03-9b89-4a71-a47c-464fd67d2c05,2025-07-18T23:20:41.116736+00:00,https://gvxfokbptelmvvlxbigh.supabase.co/storage/v1/render/image/public/game_assets/hex_spirits/afcb8700-c12e-45b5-b844-bf4339354e76/game_print/hex_flowercracker_game_print.png?width=768&height=660&quality=80,2025-11-18T07:09:18.047+00:00,c93fce08-876f-4502-93f1-e1907b03e984,hex_spirits/afcb8700-c12e-45b5-b844-bf4339354e76/art_raw/hex_flowercracker_art_raw.png,"[{""type"":""origin"",""ref_id"":""ad555f03-9b89-4a71-a47c-464fd67d2c05""},{""type"":""class"",""ref_id"":""5d1c9e89-e431-41dc-ae67-77dd8ee78170""}]"
fc667265-edd6-4c28-b96e-6e505188ce72,Shadowtaker,9,dd17c072-159c-4b43-831f-1f51bb8b7720,27531555-353f-49be-b05e-e78f35e0a7b3,2025-08-17T01:13:49.789379+00:00,https://gvxfokbptelmvvlxbigh.supabase.co/storage/v1/render/image/public/game_assets/hex_spirits/fc667265-edd6-4c28-b96e-6e505188ce72/game_print/hex_shadowtaker_game_print.png?width=768&height=660&quality=80,2025-11-18T07:11:01.68+00:00,c93fce08-876f-4502-93f1-e1907b03e984,hex_spirits/fc667265-edd6-4c28-b96e-6e505188ce72/art_raw/hex_shadowtaker_art_raw.png,"[{""type"":""origin"",""ref_id"":""27531555-353f-49be-b05e-e78f35e0a7b3""},{""type"":""class"",""ref_id"":""dd17c072-159c-4b43-831f-1f51bb8b7720""},{""type"":""class"",""ref_id"":""dd17c072-159c-4b43-831f-1f51bb8b7720""},{""type"":""class"",""ref_id"":""dd17c072-159c-4b43-831f-1f51bb8b7720""}]"
e4822f18-98f0-44fd-8711-756f946f6cd5,Contessa,7,5d1c9e89-e431-41dc-ae67-77dd8ee78170,27531555-353f-49be-b05e-e78f35e0a7b3,2025-07-18T23:20:05.987164+00:00,https://gvxfokbptelmvvlxbigh.supabase.co/storage/v1/render/image/public/game_assets/hex_spirits/e4822f18-98f0-44fd-8711-756f946f6cd5/game_print/hex_contessa_game_print.png?width=768&height=660&quality=80,2025-11-18T07:09:56.184+00:00,c93fce08-876f-4502-93f1-e1907b03e984,hex_spirits/e4822f18-98f0-44fd-8711-756f946f6cd5/art_raw/hex_contessa_art_raw.png,"[{""type"":""origin"",""ref_id"":""27531555-353f-49be-b05e-e78f35e0a7b3""},{""type"":""class"",""ref_id"":""5d1c9e89-e431-41dc-ae67-77dd8ee78170""},{""type"":""class"",""ref_id"":""5d1c9e89-e431-41dc-ae67-77dd8ee78170""}]"
955abfc0-fa04-4ab3-bcaf-5dc2839ddec0,Shell Defender,5,46cf02f0-a3cd-4211-bde4-cc3c5417bd6f,294cee31-a7ac-4292-9b61-d4293c05c146,2025-11-10T03:59:39.335849+00:00,https://gvxfokbptelmvvlxbigh.supabase.co/storage/v1/render/image/public/game_assets/hex_spirits/955abfc0-fa04-4ab3-bcaf-5dc2839ddec0/game_print/hex_shell_defender_game_print.png?width=768&height=660&quality=80,2025-11-20T21:35:51.953+00:00,c93fce08-876f-4502-93f1-e1907b03e984,hex_spirits/955abfc0-fa04-4ab3-bcaf-5dc2839ddec0/art_raw/hex_shell_defender_art_raw.png,"[{""type"":""origin"",""ref_id"":""294cee31-a7ac-4292-9b61-d4293c05c146""},{""type"":""class"",""ref_id"":""46cf02f0-a3cd-4211-bde4-cc3c5417bd6f""}]"
70ed3fcd-a7c2-4443-b5e7-9b6de8491917,Hollow Eyes,7,f5438f3c-2052-4093-b402-893a45cf7046,27531555-353f-49be-b05e-e78f35e0a7b3,2025-07-18T23:21:14.304223+00:00,https://gvxfokbptelmvvlxbigh.supabase.co/storage/v1/render/image/public/game_assets/hex_spirits/70ed3fcd-a7c2-4443-b5e7-9b6de8491917/game_print/hex_hollow_eyes_game_print.png?width=768&height=660&quality=80,2025-11-18T07:10:02.442+00:00,c93fce08-876f-4502-93f1-e1907b03e984,hex_spirits/70ed3fcd-a7c2-4443-b5e7-9b6de8491917/art_raw/hex_hollow_eyes_art_raw.png,"[{""type"":""origin"",""ref_id"":""27531555-353f-49be-b05e-e78f35e0a7b3""},{""type"":""class"",""ref_id"":""f5438f3c-2052-4093-b402-893a45cf7046""},{""type"":""class"",""ref_id"":""f5438f3c-2052-4093-b402-893a45cf7046""}]"
70f8e74b-3e90-4d24-946b-d665f3e89f7a,Worldwide Scout,7,17e08cde-f3d2-480b-8386-1e3047e2f85a,82816408-d2e1-4e2c-9954-d9aea0bad324,2025-11-16T20:36:35.512411+00:00,https://gvxfokbptelmvvlxbigh.supabase.co/storage/v1/render/image/public/game_assets/hex_spirits/70f8e74b-3e90-4d24-946b-d665f3e89f7a/game_print/hex_worldwide_scout_game_print.png?width=768&height=660&quality=80,2025-11-18T07:10:04.786+00:00,c93fce08-876f-4502-93f1-e1907b03e984,hex_spirits/70f8e74b-3e90-4d24-946b-d665f3e89f7a/art_raw/hex_worldwide_scout_art_raw.png,"[{""type"":""origin"",""ref_id"":""82816408-d2e1-4e2c-9954-d9aea0bad324""},{""type"":""class"",""ref_id"":""17e08cde-f3d2-480b-8386-1e3047e2f85a""},{""type"":""class"",""ref_id"":""17e08cde-f3d2-480b-8386-1e3047e2f85a""}]"
3b196b06-a047-4505-aad6-bf0c9fe05ac0,Rootguard,5,46cf02f0-a3cd-4211-bde4-cc3c5417bd6f,ad555f03-9b89-4a71-a47c-464fd67d2c05,2025-08-17T01:35:26.156064+00:00,https://gvxfokbptelmvvlxbigh.supabase.co/storage/v1/render/image/public/game_assets/hex_spirits/3b196b06-a047-4505-aad6-bf0c9fe05ac0/game_print/hex_rootguard_game_print.png?width=768&height=660&quality=80,2025-11-20T21:35:35.165+00:00,c93fce08-876f-4502-93f1-e1907b03e984,hex_spirits/3b196b06-a047-4505-aad6-bf0c9fe05ac0/art_raw/hex_rootguard_art_raw.png,"[{""type"":""origin"",""ref_id"":""ad555f03-9b89-4a71-a47c-464fd67d2c05""},{""type"":""class"",""ref_id"":""46cf02f0-a3cd-4211-bde4-cc3c5417bd6f""}]"
40016186-6b98-4dbb-8364-b50d27e9f394,ERRORCODER,7,173589ed-9bec-4965-94e6-dadbc6b5310a,fa7db249-d99d-4c1d-a37d-9027c9f5a31e,2025-07-18T23:20:41.116736+00:00,https://gvxfokbptelmvvlxbigh.supabase.co/storage/v1/render/image/public/game_assets/hex_spirits/40016186-6b98-4dbb-8364-b50d27e9f394/game_print/hex_errorcoder_game_print.png?width=768&height=660&quality=80,2025-11-18T07:10:09.807+00:00,c93fce08-876f-4502-93f1-e1907b03e984,hex_spirits/40016186-6b98-4dbb-8364-b50d27e9f394/art_raw/hex_errorcoder_art_raw.png,"[{""type"":""origin"",""ref_id"":""fa7db249-d99d-4c1d-a37d-9027c9f5a31e""},{""type"":""class"",""ref_id"":""173589ed-9bec-4965-94e6-dadbc6b5310a""},{""type"":""class"",""ref_id"":""173589ed-9bec-4965-94e6-dadbc6b5310a""}]"
b3068fcf-d197-4030-ba55-29ac1621f9a9,Space Invader,7,dd17c072-159c-4b43-831f-1f51bb8b7720,27531555-353f-49be-b05e-e78f35e0a7b3,2025-11-02T21:52:55.510523+00:00,https://gvxfokbptelmvvlxbigh.supabase.co/storage/v1/render/image/public/game_assets/hex_spirits/b3068fcf-d197-4030-ba55-29ac1621f9a9/game_print/hex_space_invader_game_print.png?width=768&height=660&quality=80,2025-11-18T07:10:14.207+00:00,c93fce08-876f-4502-93f1-e1907b03e984,hex_spirits/b3068fcf-d197-4030-ba55-29ac1621f9a9/art_raw/hex_space_invader_art_raw.png,"[{""type"":""origin"",""ref_id"":""27531555-353f-49be-b05e-e78f35e0a7b3""},{""type"":""class"",""ref_id"":""dd17c072-159c-4b43-831f-1f51bb8b7720""},{""type"":""class"",""ref_id"":""dd17c072-159c-4b43-831f-1f51bb8b7720""}]"
c0d12557-4615-4c60-a93c-622e5fc70eae,Fairy Hunter,7,aa90084b-a07a-4b00-9448-9f5dae83bd03,b4a04571-548d-4572-a6a8-0b85c39316d3,2025-08-17T00:35:31.117135+00:00,https://gvxfokbptelmvvlxbigh.supabase.co/storage/v1/render/image/public/game_assets/hex_spirits/c0d12557-4615-4c60-a93c-622e5fc70eae/game_print/hex_fairy_hunter_game_print.png?width=768&height=660&quality=80,2025-11-18T07:10:16.354+00:00,c93fce08-876f-4502-93f1-e1907b03e984,hex_spirits/c0d12557-4615-4c60-a93c-622e5fc70eae/art_raw/hex_fairy_hunter_art_raw.png,"[{""type"":""origin"",""ref_id"":""b4a04571-548d-4572-a6a8-0b85c39316d3""},{""type"":""class"",""ref_id"":""aa90084b-a07a-4b00-9448-9f5dae83bd03""},{""type"":""class"",""ref_id"":""aa90084b-a07a-4b00-9448-9f5dae83bd03""}]"
c6548ffd-4852-4e62-9c5a-9329e40d222e,Rain Shower,5,aa90084b-a07a-4b00-9448-9f5dae83bd03,294cee31-a7ac-4292-9b61-d4293c05c146,2025-11-10T03:59:54.902968+00:00,https://gvxfokbptelmvvlxbigh.supabase.co/storage/v1/render/image/public/game_assets/hex_spirits/c6548ffd-4852-4e62-9c5a-9329e40d222e/game_print/hex_rain_shower_game_print.png?width=768&height=660&quality=80,2025-11-20T21:35:18.809+00:00,c93fce08-876f-4502-93f1-e1907b03e984,hex_spirits/c6548ffd-4852-4e62-9c5a-9329e40d222e/art_raw/hex_rain_shower_art_raw.png,"[{""type"":""origin"",""ref_id"":""294cee31-a7ac-4292-9b61-d4293c05c146""},{""type"":""class"",""ref_id"":""aa90084b-a07a-4b00-9448-9f5dae83bd03""}]"
aa777767-cd38-46bb-805c-8626cedf74c4,Mole Genius,7,17e08cde-f3d2-480b-8386-1e3047e2f85a,178449e9-cc6b-45ab-8522-5183fe1d9307,2025-08-17T01:12:43.445162+00:00,,2025-11-18T07:14:10.179+00:00,c93fce08-876f-4502-93f1-e1907b03e984,,"[{""type"":""origin"",""ref_id"":""178449e9-cc6b-45ab-8522-5183fe1d9307""},{""type"":""class"",""ref_id"":""17e08cde-f3d2-480b-8386-1e3047e2f85a""},{""type"":""class"",""ref_id"":""17e08cde-f3d2-480b-8386-1e3047e2f85a""}]"
d19f66b7-787b-4c5b-b498-e1f8fb7688e0,Flower Fighter,5,dd17c072-159c-4b43-831f-1f51bb8b7720,ad555f03-9b89-4a71-a47c-464fd67d2c05,2025-07-18T23:20:22.554712+00:00,https://gvxfokbptelmvvlxbigh.supabase.co/storage/v1/render/image/public/game_assets/hex_spirits/d19f66b7-787b-4c5b-b498-e1f8fb7688e0/game_print/hex_flower_fighter_game_print.png?width=768&height=660&quality=80,2025-11-20T21:34:42.371+00:00,c93fce08-876f-4502-93f1-e1907b03e984,hex_spirits/d19f66b7-787b-4c5b-b498-e1f8fb7688e0/art_raw/hex_flower_fighter_art_raw.png,"[{""type"":""origin"",""ref_id"":""ad555f03-9b89-4a71-a47c-464fd67d2c05""},{""type"":""class"",""ref_id"":""dd17c072-159c-4b43-831f-1f51bb8b7720""}]"
e9e12faa-0add-4fab-b251-a9dec5a8bae9,Cosmic Sentry,7,173589ed-9bec-4965-94e6-dadbc6b5310a,9d4457d3-2a6c-4430-8c1b-1bf1bc20889a,2025-09-20T02:41:42.002692+00:00,https://gvxfokbptelmvvlxbigh.supabase.co/storage/v1/render/image/public/game_assets/hex_spirits/e9e12faa-0add-4fab-b251-a9dec5a8bae9/game_print/hex_cosmic_sentry_game_print.png?width=768&height=660&quality=80,2025-11-18T07:10:23.475+00:00,c93fce08-876f-4502-93f1-e1907b03e984,hex_spirits/e9e12faa-0add-4fab-b251-a9dec5a8bae9/art_raw/hex_cosmic_sentry_art_raw.png,"[{""type"":""origin"",""ref_id"":""9d4457d3-2a6c-4430-8c1b-1bf1bc20889a""},{""type"":""class"",""ref_id"":""173589ed-9bec-4965-94e6-dadbc6b5310a""},{""type"":""class"",""ref_id"":""173589ed-9bec-4965-94e6-dadbc6b5310a""}]"
fc5835e9-156b-44fd-8037-832124df724c,Canine Unit,1,f5438f3c-2052-4093-b402-893a45cf7046,48e4acb4-ee9e-42ea-ba82-70165770c368,2025-07-18T23:21:14.304223+00:00,https://gvxfokbptelmvvlxbigh.supabase.co/storage/v1/render/image/public/game_assets/hex_spirits/fc5835e9-156b-44fd-8037-832124df724c/hex_golden_retriever.png?width=768&height=660&quality=80,2025-11-17T21:36:05.261+00:00,c93fce08-876f-4502-93f1-e1907b03e984,hex_spirits/fc5835e9-156b-44fd-8037-832124df724c/art_raw/hex_canine_unit_art_raw.png,"[{""type"":""origin"",""ref_id"":""48e4acb4-ee9e-42ea-ba82-70165770c368""},{""type"":""class"",""ref_id"":""f5438f3c-2052-4093-b402-893a45cf7046""}]"
e5dff9be-ac58-47bb-bd9d-69efb03dc393,Naturewise,3,17e08cde-f3d2-480b-8386-1e3047e2f85a,ad555f03-9b89-4a71-a47c-464fd67d2c05,2025-07-18T23:20:59.640815+00:00,https://gvxfokbptelmvvlxbigh.supabase.co/storage/v1/render/image/public/game_assets/hex_spirits/e5dff9be-ac58-47bb-bd9d-69efb03dc393/game_print/hex_naturewise_game_print.png?width=768&height=660&quality=80,2025-11-18T07:08:15.552+00:00,c93fce08-876f-4502-93f1-e1907b03e984,hex_spirits/e5dff9be-ac58-47bb-bd9d-69efb03dc393/art_raw/hex_naturewise_art_raw.png,"[{""type"":""origin"",""ref_id"":""ad555f03-9b89-4a71-a47c-464fd67d2c05""},{""type"":""class"",""ref_id"":""17e08cde-f3d2-480b-8386-1e3047e2f85a""}]"
4e4a5302-64d9-4960-9b0b-72081c4a30e5,Snowman,5,46cf02f0-a3cd-4211-bde4-cc3c5417bd6f,82816408-d2e1-4e2c-9954-d9aea0bad324,2025-11-16T20:36:35.512411+00:00,https://gvxfokbptelmvvlxbigh.supabase.co/storage/v1/render/image/public/game_assets/hex_spirits/4e4a5302-64d9-4960-9b0b-72081c4a30e5/game_print/hex_snowman_game_print.png?width=768&height=660&quality=80,2025-11-18T07:08:57.406+00:00,c93fce08-876f-4502-93f1-e1907b03e984,hex_spirits/4e4a5302-64d9-4960-9b0b-72081c4a30e5/art_raw/hex_snowman_art_raw.png,"[{""type"":""origin"",""ref_id"":""82816408-d2e1-4e2c-9954-d9aea0bad324""},{""type"":""class"",""ref_id"":""46cf02f0-a3cd-4211-bde4-cc3c5417bd6f""}]"
241c977c-d1c8-4ef5-856b-8100ef228f72,Jellyfish,5,17e08cde-f3d2-480b-8386-1e3047e2f85a,294cee31-a7ac-4292-9b61-d4293c05c146,2025-11-10T03:58:58.915251+00:00,https://gvxfokbptelmvvlxbigh.supabase.co/storage/v1/render/image/public/game_assets/hex_spirits/241c977c-d1c8-4ef5-856b-8100ef228f72/game_print/hex_jellyfish_game_print.png?width=768&height=660&quality=80,2025-11-18T07:09:03.76+00:00,c93fce08-876f-4502-93f1-e1907b03e984,hex_spirits/241c977c-d1c8-4ef5-856b-8100ef228f72/art_raw/hex_jellyfish_art_raw.png,"[{""type"":""origin"",""ref_id"":""294cee31-a7ac-4292-9b61-d4293c05c146""},{""type"":""class"",""ref_id"":""17e08cde-f3d2-480b-8386-1e3047e2f85a""}]"
aac7c718-b612-4695-8bdc-5c217fa226f3,Snowbombs,5,5d1c9e89-e431-41dc-ae67-77dd8ee78170,82816408-d2e1-4e2c-9954-d9aea0bad324,2025-11-16T20:36:35.512411+00:00,https://gvxfokbptelmvvlxbigh.supabase.co/storage/v1/render/image/public/game_assets/hex_spirits/aac7c718-b612-4695-8bdc-5c217fa226f3/game_print/hex_snowbombs_game_print.png?width=768&height=660&quality=80,2025-11-18T07:09:16.045+00:00,c93fce08-876f-4502-93f1-e1907b03e984,hex_spirits/aac7c718-b612-4695-8bdc-5c217fa226f3/art_raw/hex_snowbombs_art_raw.png,"[{""type"":""origin"",""ref_id"":""82816408-d2e1-4e2c-9954-d9aea0bad324""},{""type"":""class"",""ref_id"":""5d1c9e89-e431-41dc-ae67-77dd8ee78170""}]"
b03b184b-dbe3-4532-9096-2f17115e3efd,Graniteforge,5,aa90084b-a07a-4b00-9448-9f5dae83bd03,178449e9-cc6b-45ab-8522-5183fe1d9307,2025-07-18T23:20:05.987164+00:00,,2025-11-18T07:14:09.297+00:00,c93fce08-876f-4502-93f1-e1907b03e984,,"[{""type"":""origin"",""ref_id"":""178449e9-cc6b-45ab-8522-5183fe1d9307""},{""type"":""class"",""ref_id"":""aa90084b-a07a-4b00-9448-9f5dae83bd03""}]"
75300feb-3c4a-4723-8710-02a3b8a68490,Village Golem,3,173589ed-9bec-4965-94e6-dadbc6b5310a,178449e9-cc6b-45ab-8522-5183fe1d9307,2025-07-18T23:20:59.640815+00:00,,2025-11-18T07:14:17.102+00:00,c93fce08-876f-4502-93f1-e1907b03e984,,"[{""type"":""origin"",""ref_id"":""178449e9-cc6b-45ab-8522-5183fe1d9307""},{""type"":""class"",""ref_id"":""173589ed-9bec-4965-94e6-dadbc6b5310a""}]"
4ce77458-bbab-4986-8606-b500ad9c9764,Ironmane,5,f5438f3c-2052-4093-b402-893a45cf7046,d40b9771-29b0-4391-a9aa-41945682cd3a,2025-07-18T23:21:14.304223+00:00,https://gvxfokbptelmvvlxbigh.supabase.co/storage/v1/render/image/public/game_assets/hex_spirits/4ce77458-bbab-4986-8606-b500ad9c9764/game_print/hex_ironmane_game_print.png?width=768&height=660&quality=80,2025-11-18T08:05:55.663+00:00,c93fce08-876f-4502-93f1-e1907b03e984,hex_spirits/4ce77458-bbab-4986-8606-b500ad9c9764/art_raw/hex_ironmane_art_raw.png,"[{""type"":""origin"",""ref_id"":""d40b9771-29b0-4391-a9aa-41945682cd3a""},{""type"":""class"",""ref_id"":""f5438f3c-2052-4093-b402-893a45cf7046""}]"
27fe2ae1-e0ea-443f-8908-bcf1cc58cd49,Zarek,5,dd17c072-159c-4b43-831f-1f51bb8b7720,d40b9771-29b0-4391-a9aa-41945682cd3a,2025-07-18T23:20:22.554712+00:00,https://gvxfokbptelmvvlxbigh.supabase.co/storage/v1/render/image/public/game_assets/hex_spirits/27fe2ae1-e0ea-443f-8908-bcf1cc58cd49/game_print/hex_zarek_game_print.png?width=768&height=660&quality=80,2025-11-18T08:06:17.684+00:00,c93fce08-876f-4502-93f1-e1907b03e984,hex_spirits/27fe2ae1-e0ea-443f-8908-bcf1cc58cd49/art_raw/hex_zarek_art_raw.png,"[{""type"":""origin"",""ref_id"":""d40b9771-29b0-4391-a9aa-41945682cd3a""},{""type"":""class"",""ref_id"":""dd17c072-159c-4b43-831f-1f51bb8b7720""}]"
7e3d88c0-6854-4c13-882c-ddf78c0d2b58,KO Fighter,3,dd17c072-159c-4b43-831f-1f51bb8b7720,fa7db249-d99d-4c1d-a37d-9027c9f5a31e,2025-08-17T01:09:47.777866+00:00,https://gvxfokbptelmvvlxbigh.supabase.co/storage/v1/render/image/public/game_assets/hex_spirits/7e3d88c0-6854-4c13-882c-ddf78c0d2b58/game_print/hex_ko_fighter_game_print.png?width=768&height=660&quality=80,2025-11-20T18:48:20.747+00:00,c93fce08-876f-4502-93f1-e1907b03e984,hex_spirits/7e3d88c0-6854-4c13-882c-ddf78c0d2b58/art_raw/hex_ko_fighter_art_raw.png,"[{""type"":""origin"",""ref_id"":""fa7db249-d99d-4c1d-a37d-9027c9f5a31e""},{""type"":""class"",""ref_id"":""dd17c072-159c-4b43-831f-1f51bb8b7720""}]"
a6c24fba-940e-4aa9-8729-a361f7209f9c,Sniper,1,5d1c9e89-e431-41dc-ae67-77dd8ee78170,48e4acb4-ee9e-42ea-ba82-70165770c368,2025-07-18T23:20:41.116736+00:00,https://gvxfokbptelmvvlxbigh.supabase.co/storage/v1/render/image/public/game_assets/hex_spirits/a6c24fba-940e-4aa9-8729-a361f7209f9c/hex_sniper.png?width=768&height=660&quality=80,2025-11-17T21:37:25.883+00:00,c93fce08-876f-4502-93f1-e1907b03e984,hex_spirits/a6c24fba-940e-4aa9-8729-a361f7209f9c/art_raw/hex_sniper_art_raw.png,"[{""type"":""origin"",""ref_id"":""48e4acb4-ee9e-42ea-ba82-70165770c368""},{""type"":""class"",""ref_id"":""5d1c9e89-e431-41dc-ae67-77dd8ee78170""}]"
6de3ace4-20bc-45cd-a0ad-9d462380d940,Gamer,1,17e08cde-f3d2-480b-8386-1e3047e2f85a,48e4acb4-ee9e-42ea-ba82-70165770c368,2025-07-18T23:20:59.640815+00:00,https://gvxfokbptelmvvlxbigh.supabase.co/storage/v1/render/image/public/game_assets/hex_spirits/6de3ace4-20bc-45cd-a0ad-9d462380d940/hex_gamer.png?width=768&height=660&quality=80,2025-11-17T21:37:48.534+00:00,c93fce08-876f-4502-93f1-e1907b03e984,hex_spirits/6de3ace4-20bc-45cd-a0ad-9d462380d940/art_raw/hex_gamer_art_raw.png,"[{""type"":""origin"",""ref_id"":""48e4acb4-ee9e-42ea-ba82-70165770c368""},{""type"":""class"",""ref_id"":""17e08cde-f3d2-480b-8386-1e3047e2f85a""}]"
f043914f-9259-481f-960d-ab83a48b06ba,Swordsman,1,dd17c072-159c-4b43-831f-1f51bb8b7720,48e4acb4-ee9e-42ea-ba82-70165770c368,2025-07-18T23:20:22.554712+00:00,https://gvxfokbptelmvvlxbigh.supabase.co/storage/v1/render/image/public/game_assets/hex_spirits/f043914f-9259-481f-960d-ab83a48b06ba/hex_fencer.png?width=768&height=660&quality=80,2025-11-17T21:37:53.55+00:00,c93fce08-876f-4502-93f1-e1907b03e984,hex_spirits/f043914f-9259-481f-960d-ab83a48b06ba/art_raw/hex_swordsman_art_raw.png,"[{""type"":""origin"",""ref_id"":""48e4acb4-ee9e-42ea-ba82-70165770c368""},{""type"":""class"",""ref_id"":""dd17c072-159c-4b43-831f-1f51bb8b7720""}]"
a5e1965a-4b51-4de4-ad42-2f8ac085ff0e,Florafox,3,f5438f3c-2052-4093-b402-893a45cf7046,ad555f03-9b89-4a71-a47c-464fd67d2c05,2025-07-18T23:21:14.304223+00:00,https://gvxfokbptelmvvlxbigh.supabase.co/storage/v1/render/image/public/game_assets/hex_spirits/a5e1965a-4b51-4de4-ad42-2f8ac085ff0e/game_print/hex_florafox_game_print.png?width=768&height=660&quality=80,2025-11-18T07:07:58.108+00:00,c93fce08-876f-4502-93f1-e1907b03e984,hex_spirits/a5e1965a-4b51-4de4-ad42-2f8ac085ff0e/art_raw/hex_florafox_art_raw.png,"[{""type"":""origin"",""ref_id"":""ad555f03-9b89-4a71-a47c-464fd67d2c05""},{""type"":""class"",""ref_id"":""f5438f3c-2052-4093-b402-893a45cf7046""}]"
2d7981eb-440d-45ec-b058-d495e703c71e,Undercover Maid,3,aa90084b-a07a-4b00-9448-9f5dae83bd03,59d3e23e-c7fd-48f9-911d-b8a306029404,2025-09-02T16:32:47.618966+00:00,https://gvxfokbptelmvvlxbigh.supabase.co/storage/v1/render/image/public/game_assets/hex_spirits/2d7981eb-440d-45ec-b058-d495e703c71e/game_print/hex_undercover_maid_game_print.png?width=768&height=660&quality=80,2025-11-18T07:08:00.343+00:00,c93fce08-876f-4502-93f1-e1907b03e984,hex_spirits/2d7981eb-440d-45ec-b058-d495e703c71e/art_raw/hex_mistress_art_raw.png,"[{""type"":""origin"",""ref_id"":""59d3e23e-c7fd-48f9-911d-b8a306029404""},{""type"":""class"",""ref_id"":""aa90084b-a07a-4b00-9448-9f5dae83bd03""}]"
487e38c3-0c11-4879-a5f2-4370dec9a680,Golden Retriever,3,f5438f3c-2052-4093-b402-893a45cf7046,59d3e23e-c7fd-48f9-911d-b8a306029404,2025-08-17T01:14:50.225323+00:00,https://gvxfokbptelmvvlxbigh.supabase.co/storage/v1/render/image/public/game_assets/hex_spirits/487e38c3-0c11-4879-a5f2-4370dec9a680/game_print/hex_golden_retriever_game_print.png?width=768&height=660&quality=80,2025-11-18T07:08:04.772+00:00,c93fce08-876f-4502-93f1-e1907b03e984,hex_spirits/487e38c3-0c11-4879-a5f2-4370dec9a680/art_raw/hex_golden_retriever_art_raw.png,"[{""type"":""origin"",""ref_id"":""59d3e23e-c7fd-48f9-911d-b8a306029404""},{""type"":""class"",""ref_id"":""f5438f3c-2052-4093-b402-893a45cf7046""}]"
9ef2c6f9-c6b3-4ec0-8e6e-4ddd5b26b344,Cyberwolf,5,f5438f3c-2052-4093-b402-893a45cf7046,fa7db249-d99d-4c1d-a37d-9027c9f5a31e,2025-07-18T23:21:14.304223+00:00,https://gvxfokbptelmvvlxbigh.supabase.co/storage/v1/render/image/public/game_assets/hex_spirits/9ef2c6f9-c6b3-4ec0-8e6e-4ddd5b26b344/game_print/hex_cyberwolf_game_print.png?width=768&height=660&quality=80,2025-11-18T07:08:58.955+00:00,c93fce08-876f-4502-93f1-e1907b03e984,hex_spirits/9ef2c6f9-c6b3-4ec0-8e6e-4ddd5b26b344/art_raw/hex_cyberwolf_art_raw.png,"[{""type"":""origin"",""ref_id"":""fa7db249-d99d-4c1d-a37d-9027c9f5a31e""},{""type"":""class"",""ref_id"":""f5438f3c-2052-4093-b402-893a45cf7046""}]"
728c5151-2da6-4202-b5b0-aae13dec68be,Child Prodigy,5,17e08cde-f3d2-480b-8386-1e3047e2f85a,59d3e23e-c7fd-48f9-911d-b8a306029404,2025-09-02T16:33:21.794831+00:00,https://gvxfokbptelmvvlxbigh.supabase.co/storage/v1/render/image/public/game_assets/hex_spirits/728c5151-2da6-4202-b5b0-aae13dec68be/game_print/hex_child_prodigy_game_print.png?width=768&height=660&quality=80,2025-11-18T07:09:05.592+00:00,c93fce08-876f-4502-93f1-e1907b03e984,hex_spirits/728c5151-2da6-4202-b5b0-aae13dec68be/art_raw/hex_child_prodigy_art_raw.png,"[{""type"":""origin"",""ref_id"":""59d3e23e-c7fd-48f9-911d-b8a306029404""},{""type"":""class"",""ref_id"":""17e08cde-f3d2-480b-8386-1e3047e2f85a""}]"
6334ede5-99ff-4237-88e5-4c55674047ff,Earthshaper,3,5d1c9e89-e431-41dc-ae67-77dd8ee78170,178449e9-cc6b-45ab-8522-5183fe1d9307,2025-07-18T23:20:41.116736+00:00,,2025-11-18T07:14:08.014+00:00,c93fce08-876f-4502-93f1-e1907b03e984,,"[{""type"":""origin"",""ref_id"":""178449e9-cc6b-45ab-8522-5183fe1d9307""},{""type"":""class"",""ref_id"":""5d1c9e89-e431-41dc-ae67-77dd8ee78170""}]"
522e2bc3-8e7b-4151-b86c-1089a4bbb74e,Stonewall,5,dd17c072-159c-4b43-831f-1f51bb8b7720,178449e9-cc6b-45ab-8522-5183fe1d9307,2025-08-17T00:50:04.140076+00:00,,2025-11-18T07:14:11.565+00:00,c93fce08-876f-4502-93f1-e1907b03e984,,"[{""type"":""origin"",""ref_id"":""178449e9-cc6b-45ab-8522-5183fe1d9307""},{""type"":""class"",""ref_id"":""dd17c072-159c-4b43-831f-1f51bb8b7720""}]"
95b891f8-e9a2-4245-85dd-378957265d70,Rockbear,3,f5438f3c-2052-4093-b402-893a45cf7046,178449e9-cc6b-45ab-8522-5183fe1d9307,2025-07-18T23:21:14.304223+00:00,,2025-11-18T07:14:15.043+00:00,c93fce08-876f-4502-93f1-e1907b03e984,,"[{""type"":""origin"",""ref_id"":""178449e9-cc6b-45ab-8522-5183fe1d9307""},{""type"":""class"",""ref_id"":""f5438f3c-2052-4093-b402-893a45cf7046""}]"
4093802b-bbab-4535-9bb5-e48ab15a6841,Kael,5,46cf02f0-a3cd-4211-bde4-cc3c5417bd6f,d40b9771-29b0-4391-a9aa-41945682cd3a,2025-07-18T23:20:05.987164+00:00,https://gvxfokbptelmvvlxbigh.supabase.co/storage/v1/render/image/public/game_assets/hex_spirits/4093802b-bbab-4535-9bb5-e48ab15a6841/game_print/hex_kael_game_print.png?width=768&height=660&quality=80,2025-11-18T08:06:04.247+00:00,c93fce08-876f-4502-93f1-e1907b03e984,hex_spirits/4093802b-bbab-4535-9bb5-e48ab15a6841/art_raw/hex_kael_art_raw.png,"[{""type"":""origin"",""ref_id"":""d40b9771-29b0-4391-a9aa-41945682cd3a""},{""type"":""class"",""ref_id"":""46cf02f0-a3cd-4211-bde4-cc3c5417bd6f""}]"
be2072ea-ccdb-4941-b1b3-26890a7b64cf,Bubble Boy,3,46cf02f0-a3cd-4211-bde4-cc3c5417bd6f,294cee31-a7ac-4292-9b61-d4293c05c146,2025-11-10T03:58:13.229338+00:00,https://gvxfokbptelmvvlxbigh.supabase.co/storage/v1/render/image/public/game_assets/hex_spirits/be2072ea-ccdb-4941-b1b3-26890a7b64cf/game_print/hex_bubble_boy_game_print.png?width=768&height=660&quality=80,2025-11-18T07:08:13.891+00:00,c93fce08-876f-4502-93f1-e1907b03e984,hex_spirits/be2072ea-ccdb-4941-b1b3-26890a7b64cf/art_raw/hex_bubble_boy_art_raw.png,"[{""type"":""origin"",""ref_id"":""294cee31-a7ac-4292-9b61-d4293c05c146""},{""type"":""class"",""ref_id"":""46cf02f0-a3cd-4211-bde4-cc3c5417bd6f""}]"
0a775e09-555f-43a7-ac5b-06aaeaa4b69c,Firewall,5,46cf02f0-a3cd-4211-bde4-cc3c5417bd6f,fa7db249-d99d-4c1d-a37d-9027c9f5a31e,2025-09-02T16:34:18.59374+00:00,https://gvxfokbptelmvvlxbigh.supabase.co/storage/v1/render/image/public/game_assets/hex_spirits/0a775e09-555f-43a7-ac5b-06aaeaa4b69c/game_print/hex_firewall_game_print.png?width=768&height=660&quality=80,2025-11-18T07:08:53.052+00:00,c93fce08-876f-4502-93f1-e1907b03e984,hex_spirits/0a775e09-555f-43a7-ac5b-06aaeaa4b69c/art_raw/hex_firewall_art_raw.png,"[{""type"":""origin"",""ref_id"":""fa7db249-d99d-4c1d-a37d-9027c9f5a31e""},{""type"":""class"",""ref_id"":""46cf02f0-a3cd-4211-bde4-cc3c5417bd6f""}]"
c38bcbb1-c113-4d3b-b081-127cf8b8c965,Ivyrn,5,5d1c9e89-e431-41dc-ae67-77dd8ee78170,d40b9771-29b0-4391-a9aa-41945682cd3a,2025-07-18T23:20:41.116736+00:00,https://gvxfokbptelmvvlxbigh.supabase.co/storage/v1/render/image/public/game_assets/hex_spirits/c38bcbb1-c113-4d3b-b081-127cf8b8c965/game_print/hex_ivyrn_game_print.png?width=768&height=660&quality=80,2025-11-18T07:09:20.753+00:00,c93fce08-876f-4502-93f1-e1907b03e984,hex_spirits/c38bcbb1-c113-4d3b-b081-127cf8b8c965/art_raw/hex_ivyrn_art_raw.png,"[{""type"":""origin"",""ref_id"":""d40b9771-29b0-4391-a9aa-41945682cd3a""},{""type"":""class"",""ref_id"":""5d1c9e89-e431-41dc-ae67-77dd8ee78170""}]"
5569a463-9147-4925-8316-dbad6c3c9f13,Mintyheart,5,aa90084b-a07a-4b00-9448-9f5dae83bd03,d40b9771-29b0-4391-a9aa-41945682cd3a,2025-09-14T05:01:20.568324+00:00,https://gvxfokbptelmvvlxbigh.supabase.co/storage/v1/render/image/public/game_assets/hex_spirits/5569a463-9147-4925-8316-dbad6c3c9f13/game_print/hex_mintyheart_game_print.png?width=768&height=660&quality=80,2025-11-18T08:06:11.518+00:00,c93fce08-876f-4502-93f1-e1907b03e984,hex_spirits/5569a463-9147-4925-8316-dbad6c3c9f13/art_raw/hex_mintyheart_art_raw.png,"[{""type"":""origin"",""ref_id"":""d40b9771-29b0-4391-a9aa-41945682cd3a""},{""type"":""class"",""ref_id"":""aa90084b-a07a-4b00-9448-9f5dae83bd03""}]"
57b06434-0eeb-4e9e-a17f-c2bdce613e52,EMP Striker,1,173589ed-9bec-4965-94e6-dadbc6b5310a,48e4acb4-ee9e-42ea-ba82-70165770c368,2025-07-18T23:20:41.116736+00:00,https://gvxfokbptelmvvlxbigh.supabase.co/storage/v1/render/image/public/game_assets/hex_spirits/57b06434-0eeb-4e9e-a17f-c2bdce613e52/hex_magician.png?width=768&height=660&quality=80,2025-11-17T21:36:13.106+00:00,c93fce08-876f-4502-93f1-e1907b03e984,hex_spirits/57b06434-0eeb-4e9e-a17f-c2bdce613e52/art_raw/hex_emp_striker_art_raw.png,"[{""type"":""origin"",""ref_id"":""48e4acb4-ee9e-42ea-ba82-70165770c368""},{""type"":""class"",""ref_id"":""173589ed-9bec-4965-94e6-dadbc6b5310a""}]"
d7987d17-40af-431e-b765-9cd9dc072245,Field Nurse,1,aa90084b-a07a-4b00-9448-9f5dae83bd03,48e4acb4-ee9e-42ea-ba82-70165770c368,2025-07-18T23:20:05.987164+00:00,https://gvxfokbptelmvvlxbigh.supabase.co/storage/v1/render/image/public/game_assets/hex_spirits/d7987d17-40af-431e-b765-9cd9dc072245/hex_police.png?width=768&height=660&quality=80,2025-11-17T21:37:12.969+00:00,c93fce08-876f-4502-93f1-e1907b03e984,hex_spirits/d7987d17-40af-431e-b765-9cd9dc072245/art_raw/hex_field_nurse_art_raw.png,"[{""type"":""origin"",""ref_id"":""48e4acb4-ee9e-42ea-ba82-70165770c368""},{""type"":""class"",""ref_id"":""aa90084b-a07a-4b00-9448-9f5dae83bd03""}]"
aa541f5d-f648-4964-9e8b-db891c2bbd81,Zone Guard,1,46cf02f0-a3cd-4211-bde4-cc3c5417bd6f,48e4acb4-ee9e-42ea-ba82-70165770c368,2025-07-18T23:20:05.987164+00:00,https://gvxfokbptelmvvlxbigh.supabase.co/storage/v1/render/image/public/game_assets/hex_spirits/aa541f5d-f648-4964-9e8b-db891c2bbd81/hex_security_guard.png?width=768&height=660&quality=80,2025-11-17T21:38:00.595+00:00,c93fce08-876f-4502-93f1-e1907b03e984,hex_spirits/aa541f5d-f648-4964-9e8b-db891c2bbd81/art_raw/hex_zone_guard_art_raw.png,"[{""type"":""origin"",""ref_id"":""48e4acb4-ee9e-42ea-ba82-70165770c368""},{""type"":""class"",""ref_id"":""46cf02f0-a3cd-4211-bde4-cc3c5417bd6f""}]"
1781a426-913b-4446-a062-a0ecfe401027,Pond Girl,3,173589ed-9bec-4965-94e6-dadbc6b5310a,294cee31-a7ac-4292-9b61-d4293c05c146,2025-11-10T03:58:32.697996+00:00,https://gvxfokbptelmvvlxbigh.supabase.co/storage/v1/render/image/public/game_assets/hex_spirits/1781a426-913b-4446-a062-a0ecfe401027/game_print/hex_pond_girl_game_print.png?width=768&height=660&quality=80,2025-11-18T07:08:06.76+00:00,c93fce08-876f-4502-93f1-e1907b03e984,hex_spirits/1781a426-913b-4446-a062-a0ecfe401027/art_raw/hex_pond_girl_art_raw.png,"[{""type"":""origin"",""ref_id"":""294cee31-a7ac-4292-9b61-d4293c05c146""},{""type"":""class"",""ref_id"":""173589ed-9bec-4965-94e6-dadbc6b5310a""}]"
9707edd6-fbc3-4433-99f2-a687f39505fd,CyberDive,3,dd17c072-159c-4b43-831f-1f51bb8b7720,fa7db249-d99d-4c1d-a37d-9027c9f5a31e,2025-07-18T23:20:59.640815+00:00,https://gvxfokbptelmvvlxbigh.supabase.co/storage/v1/render/image/public/game_assets/hex_spirits/9707edd6-fbc3-4433-99f2-a687f39505fd/game_print/hex_cyberdive_game_print.png?width=768&height=660&quality=80,2025-11-18T07:08:08.766+00:00,c93fce08-876f-4502-93f1-e1907b03e984,hex_spirits/9707edd6-fbc3-4433-99f2-a687f39505fd/art_raw/hex_cyberdive_art_raw.png,"[{""type"":""origin"",""ref_id"":""fa7db249-d99d-4c1d-a37d-9027c9f5a31e""},{""type"":""class"",""ref_id"":""dd17c072-159c-4b43-831f-1f51bb8b7720""}]"
18154c10-1422-4655-a7cd-c637ac947916,Beefender,3,aa90084b-a07a-4b00-9448-9f5dae83bd03,ad555f03-9b89-4a71-a47c-464fd67d2c05,2025-07-18T23:20:05.987164+00:00,https://gvxfokbptelmvvlxbigh.supabase.co/storage/v1/render/image/public/game_assets/hex_spirits/18154c10-1422-4655-a7cd-c637ac947916/game_print/hex_beefender_game_print.png?width=768&height=660&quality=80,2025-11-18T07:08:10.273+00:00,c93fce08-876f-4502-93f1-e1907b03e984,hex_spirits/18154c10-1422-4655-a7cd-c637ac947916/art_raw/hex_beefender_art_raw.png,"[{""type"":""origin"",""ref_id"":""ad555f03-9b89-4a71-a47c-464fd67d2c05""},{""type"":""class"",""ref_id"":""aa90084b-a07a-4b00-9448-9f5dae83bd03""}]"
b8314d8f-ea32-44de-a3ad-62944e5ccecb,Code Breaker,3,5d1c9e89-e431-41dc-ae67-77dd8ee78170,fa7db249-d99d-4c1d-a37d-9027c9f5a31e,2025-07-18T23:20:41.116736+00:00,https://gvxfokbptelmvvlxbigh.supabase.co/storage/v1/render/image/public/game_assets/hex_spirits/b8314d8f-ea32-44de-a3ad-62944e5ccecb/game_print/hex_code_breaker_game_print.png?width=768&height=660&quality=80,2025-11-18T07:08:12.005+00:00,c93fce08-876f-4502-93f1-e1907b03e984,hex_spirits/b8314d8f-ea32-44de-a3ad-62944e5ccecb/art_raw/hex_code_breaker_art_raw.png,"[{""type"":""origin"",""ref_id"":""fa7db249-d99d-4c1d-a37d-9027c9f5a31e""},{""type"":""class"",""ref_id"":""5d1c9e89-e431-41dc-ae67-77dd8ee78170""}]"
80554b05-163d-4625-b3b9-b85bcac28ea8,Prism Master,5,173589ed-9bec-4965-94e6-dadbc6b5310a,82816408-d2e1-4e2c-9954-d9aea0bad324,2025-11-16T20:36:35.512411+00:00,https://gvxfokbptelmvvlxbigh.supabase.co/storage/v1/render/image/public/game_assets/hex_spirits/80554b05-163d-4625-b3b9-b85bcac28ea8/game_print/hex_prism_master_game_print.png?width=768&height=660&quality=80,2025-11-18T07:09:09.699+00:00,c93fce08-876f-4502-93f1-e1907b03e984,hex_spirits/80554b05-163d-4625-b3b9-b85bcac28ea8/art_raw/hex_prism_master_art_raw.png,"[{""type"":""origin"",""ref_id"":""82816408-d2e1-4e2c-9954-d9aea0bad324""},{""type"":""class"",""ref_id"":""173589ed-9bec-4965-94e6-dadbc6b5310a""}]"
e24e9f91-7333-44c0-968e-15b900af3385,Stellar Songbird,5,f5438f3c-2052-4093-b402-893a45cf7046,9d4457d3-2a6c-4430-8c1b-1bf1bc20889a,2025-07-18T23:21:14.304223+00:00,https://gvxfokbptelmvvlxbigh.supabase.co/storage/v1/render/image/public/game_assets/hex_spirits/e24e9f91-7333-44c0-968e-15b900af3385/game_print/hex_stellar_songbird_game_print.png?width=768&height=660&quality=80,2025-11-18T07:09:24.85+00:00,c93fce08-876f-4502-93f1-e1907b03e984,hex_spirits/e24e9f91-7333-44c0-968e-15b900af3385/art_raw/hex_stellar_songbird_art_raw.png,"[{""type"":""origin"",""ref_id"":""9d4457d3-2a6c-4430-8c1b-1bf1bc20889a""},{""type"":""class"",""ref_id"":""f5438f3c-2052-4093-b402-893a45cf7046""}]"
e95c775b-0677-4884-bc59-12ae2762ca8b,Turtle,5,f5438f3c-2052-4093-b402-893a45cf7046,294cee31-a7ac-4292-9b61-d4293c05c146,2025-11-10T03:58:02.533434+00:00,https://gvxfokbptelmvvlxbigh.supabase.co/storage/v1/render/image/public/game_assets/hex_spirits/e95c775b-0677-4884-bc59-12ae2762ca8b/game_print/hex_turtle_game_print.png?width=768&height=660&quality=80,2025-11-18T07:09:26.897+00:00,c93fce08-876f-4502-93f1-e1907b03e984,hex_spirits/e95c775b-0677-4884-bc59-12ae2762ca8b/art_raw/hex_turtle_art_raw.png,"[{""type"":""origin"",""ref_id"":""294cee31-a7ac-4292-9b61-d4293c05c146""},{""type"":""class"",""ref_id"":""f5438f3c-2052-4093-b402-893a45cf7046""}]"
f3551976-672f-4b58-92ce-13f0a7c4f610,Nyra,5,173589ed-9bec-4965-94e6-dadbc6b5310a,d40b9771-29b0-4391-a9aa-41945682cd3a,2025-07-18T23:20:41.116736+00:00,https://gvxfokbptelmvvlxbigh.supabase.co/storage/v1/render/image/public/game_assets/hex_spirits/f3551976-672f-4b58-92ce-13f0a7c4f610/game_print/hex_nyra_game_print.png?width=768&height=660&quality=80,2025-11-18T07:09:29.122+00:00,c93fce08-876f-4502-93f1-e1907b03e984,hex_spirits/f3551976-672f-4b58-92ce-13f0a7c4f610/art_raw/hex_nyra_art_raw.png,"[{""type"":""origin"",""ref_id"":""d40b9771-29b0-4391-a9aa-41945682cd3a""},{""type"":""class"",""ref_id"":""173589ed-9bec-4965-94e6-dadbc6b5310a""}]"
2f5275ec-bc27-4ec9-b24d-77b26d69e212,Iceborne,9,91322cba-4201-48a3-86b1-2d6d034fce3f,82816408-d2e1-4e2c-9954-d9aea0bad324,2025-11-16T20:36:35.512411+00:00,https://gvxfokbptelmvvlxbigh.supabase.co/storage/v1/render/image/public/game_assets/hex_spirits/2f5275ec-bc27-4ec9-b24d-77b26d69e212/game_print/hex_iceborne_game_print.png?width=768&height=660&quality=80,2025-11-18T07:10:34.344+00:00,c93fce08-876f-4502-93f1-e1907b03e984,hex_spirits/2f5275ec-bc27-4ec9-b24d-77b26d69e212/art_raw/hex_iceborne_art_raw.png,"[{""type"":""origin"",""ref_id"":""82816408-d2e1-4e2c-9954-d9aea0bad324""},{""type"":""class"",""ref_id"":""f5438f3c-2052-4093-b402-893a45cf7046""},{""type"":""class"",""ref_id"":""91322cba-4201-48a3-86b1-2d6d034fce3f""},{""type"":""class"",""ref_id"":""91322cba-4201-48a3-86b1-2d6d034fce3f""}]"